<?xml version="1.0" encoding="UTF-8"?>
<project-private xmlns="http://www.netbeans.org/ns/project-private/1">
    <editor-bookmarks xmlns="http://www.netbeans.org/ns/editor-bookmarks/2" lastBookmarkId="0"/>
    <open-files xmlns="http://www.netbeans.org/ns/projectui-open-files/2">
        <group>
            <file>file:/C:/Users/Rafael/Documents/NetBeansProjects/CadastroCliente/CadastroCliente/src/models/Cliente.java</file>
            <file>file:/C:/Users/Rafael/Documents/NetBeansProjects/CadastroCliente/CadastroCliente/src/views/frmCliente.java</file>
            <file>file:/C:/Users/Rafael/Documents/NetBeansProjects/CadastroCliente/CadastroCliente/src/validadadores/Validador.java</file>
            <file>file:/C:/Users/Rafael/Documents/NetBeansProjects/CadastroCliente/CadastroCliente/src/conversores/Conversor.java</file>
            <file>file:/C:/Users/Rafael/Documents/NetBeansProjects/CadastroCliente/CadastroCliente/src/conexao/Conexao.java</file>
            <file>file:/C:/Users/Rafael/Documents/NetBeansProjects/CadastroCliente/CadastroCliente/src/dao/ClienteDAO.java</file>
            <file>file:/C:/Users/Rafael/Documents/NetBeansProjects/CadastroCliente/CadastroCliente/src/views/Mensagem.java</file>
        </group>
    </open-files>
</project-private>
